{
  "peak_hours": {
    "19": 48,
    "20": 48,
    "22": 37,
    "21": 37
  },
  "max_queue_length": 257.84283466666665,
  "avg_queue_length": 64.72798656257758,
  "critical_periods": 83,
  "total_periods": 1097,
  "validation_date": "2025-09-18"
}